INSERT INTO "PERSON_T" (PERSONID, PERSONNAME, ISPHYSICIAN, ISEMPLOYEE, ISVOLUNTEER, ISPATIENT) VALUES ('103', 'Jessica', 'N', 'Y', 'N', 'N');
INSERT INTO "PERSON_T" (PERSONID, PERSONNAME, ISPHYSICIAN, ISEMPLOYEE, ISVOLUNTEER, ISPATIENT) VALUES ('104', 'Bob', 'N', 'Y', 'N', 'N');
INSERT INTO "PERSON_T" (PERSONID, PERSONNAME, ISPHYSICIAN, ISEMPLOYEE, ISVOLUNTEER, ISPATIENT) VALUES ('102', 'Nancy', 'N', 'Y', 'N', 'N');
INSERT INTO "PERSON_T" (PERSONID, PERSONNAME, ISPHYSICIAN, ISEMPLOYEE, ISVOLUNTEER, ISPATIENT) VALUES ('101', 'Sarah', 'N', 'Y', 'N', 'N');
INSERT INTO "EMPLOYEE_T" (EMPID, DATEHIRED, EMPTYPE) VALUES ('101', TO_DATE('2014-04-06 03:07:54', 'YYYY-MM-DD HH24:MI:SS'), 'N');
INSERT INTO "EMPLOYEE_T" (EMPID, DATEHIRED, EMPTYPE) VALUES ('102', TO_DATE('2014-04-06 03:08:16', 'YYYY-MM-DD HH24:MI:SS'), 'N');
INSERT INTO "EMPLOYEE_T" (EMPID, DATEHIRED, EMPTYPE) VALUES ('103', TO_DATE('2014-04-06 03:08:29', 'YYYY-MM-DD HH24:MI:SS'), 'N');
INSERT INTO "EMPLOYEE_T" (EMPID, DATEHIRED, EMPTYPE) VALUES ('104', TO_DATE('2014-04-06 03:08:40', 'YYYY-MM-DD HH24:MI:SS'), 'N');
INSERT INTO "FACILITY_T" (FACILITYID, FACILITYNAME) VALUES ('1', 'Hospital');
INSERT INTO "WORKUNIT_T" (UNITNAME, FLOOR, FACILITYID, UNITTYPE) VALUES ('ER', '1', '1', 'CC');
INSERT INTO "WORKUNIT_T" (UNITNAME, FLOOR, FACILITYID, UNITTYPE) VALUES ('ICU', '1', '1', 'CC');
INSERT INTO "WORKUNIT_T" (UNITNAME, FLOOR, FACILITYID, UNITTYPE) VALUES ('Surgery', '3', '1', 'CC');
INSERT INTO "NURSE_T" (NURSEID, NURSETYPE) VALUES ('101', 'R');
INSERT INTO "NURSE_T" (NURSEID, NURSETYPE) VALUES ('102', 'R');
INSERT INTO "NURSE_T" (NURSEID, NURSETYPE) VALUES ('103', 'R');
INSERT INTO "NURSE_T" (NURSEID, NURSETYPE) VALUES ('104', 'R');
INSERT INTO "RN_T" (RNID) VALUES ('101');
INSERT INTO "RN_T" (RNID) VALUES ('102');
INSERT INTO "RN_T" (RNID) VALUES ('103');
INSERT INTO "RN_T" (RNID) VALUES ('104');
INSERT INTO "CARECENTER_T" (CCUNITNAME, DAYINCHARGE, NIGHTINCHARGE) VALUES ('ER', '101', '102');
INSERT INTO "CARECENTER_T" (CCUNITNAME, DAYINCHARGE, NIGHTINCHARGE) VALUES ('ICU', '103', '104');
INSERT INTO "CARECENTER_T" (CCUNITNAME, DAYINCHARGE, NIGHTINCHARGE) VALUES ('Surgery', '104', '101');
INSERT INTO "CCASSIGNMENT_T" (CCAID, ASSIGNSTART, ASSIGNEND, NURSEID, CCUNITNAME) VALUES ('1', TO_DATE('2014-04-06 03:21:11', 'YYYY-MM-DD HH24:MI:SS'), TO_DATE('2014-04-06 03:21:14', 'YYYY-MM-DD HH24:MI:SS'), '101', 'ER');
INSERT INTO "CCASSIGNMENT_T" (CCAID, ASSIGNSTART, ASSIGNEND, NURSEID, CCUNITNAME) VALUES ('2', TO_DATE('2014-04-06 03:21:52', 'YYYY-MM-DD HH24:MI:SS'), TO_DATE('2014-04-06 03:21:55', 'YYYY-MM-DD HH24:MI:SS'), '102', 'ICU');
INSERT INTO "CCASSIGNMENT_T" (CCAID, ASSIGNSTART, ASSIGNEND, NURSEID, CCUNITNAME) VALUES ('3', TO_DATE('2014-04-06 03:22:07', 'YYYY-MM-DD HH24:MI:SS'), TO_DATE('2014-04-06 03:22:10', 'YYYY-MM-DD HH24:MI:SS'), '103', 'Surgery');
INSERT INTO "DIAGNOSIS_T" (DIAGNOSISCODE, DIAGNOSISNAME) VALUES ('1', 'Hemophilia');
INSERT INTO "DIAGNOSIS_T" (DIAGNOSISCODE, DIAGNOSISNAME) VALUES ('2', 'Hepatitis');
INSERT INTO "DIAGNOSIS_T" (DIAGNOSISCODE, DIAGNOSISNAME) VALUES ('3', 'AAA');
INSERT INTO "DIAGNOSIS_T" (DIAGNOSISCODE, DIAGNOSISNAME) VALUES ('4', 'AATD');
INSERT INTO "DIAGNOSIS_T" (DIAGNOSISCODE, DIAGNOSISNAME) VALUES ('5', 'Abdominal Adhesions');
INSERT INTO "DIAGNOSIS_T" (DIAGNOSISCODE, DIAGNOSISNAME) VALUES ('6', 'Back Pain');
INSERT INTO "DIAGNOSIS_T" (DIAGNOSISCODE, DIAGNOSISNAME) VALUES ('7', 'Bacterial Arhritris');
INSERT INTO "DIAGNOSIS_T" (DIAGNOSISCODE, DIAGNOSISNAME) VALUES ('8', 'Baker Cyst');
INSERT INTO "DIAGNOSIS_T" (DIAGNOSISCODE, DIAGNOSISNAME) VALUES ('9', 'Calcium, Elevated');
INSERT INTO "DIAGNOSIS_T" (DIAGNOSISCODE, DIAGNOSISNAME) VALUES ('10', 'Cardiogenic Pulmonary Edema');
INSERT INTO "DIAGNOSIS_T" (DIAGNOSISCODE, DIAGNOSISNAME) VALUES ('11', 'Chagas Disease');
INSERT INTO "DIAGNOSIS_T" (DIAGNOSISCODE, DIAGNOSISNAME) VALUES ('12', 'Gallbladder Cancer');
INSERT INTO "DIAGNOSIS_T" (DIAGNOSISCODE, DIAGNOSISNAME) VALUES ('13', 'Gilbert Syndrome');
INSERT INTO "DIAGNOSIS_T" (DIAGNOSISCODE, DIAGNOSISNAME) VALUES ('14', 'Group B Strep');
INSERT INTO "DIAGNOSIS_T" (DIAGNOSISCODE, DIAGNOSISNAME) VALUES ('15', 'Labor and Delivery');
INSERT INTO "DIAGNOSIS_T" (DIAGNOSISCODE, DIAGNOSISNAME) VALUES ('16', 'Lactose Intolerance');
INSERT INTO "DIAGNOSIS_T" (DIAGNOSISCODE, DIAGNOSISNAME) VALUES ('17', 'Leukemia');
INSERT INTO "DIAGNOSIS_T" (DIAGNOSISCODE, DIAGNOSISNAME) VALUES ('18', 'Migraine');
INSERT INTO "DIAGNOSIS_T" (DIAGNOSISCODE, DIAGNOSISNAME) VALUES ('19', 'Microscopic Colitis');
INSERT INTO "DIAGNOSIS_T" (DIAGNOSISCODE, DIAGNOSISNAME) VALUES ('20', 'Muscle Pain');
INSERT INTO "PERSON_T" (PERSONID, PERSONNAME, ISPHYSICIAN, ISEMPLOYEE, ISVOLUNTEER, ISPATIENT) VALUES ('105', 'Steve', 'N', 'N', 'N', 'Y');
INSERT INTO "PERSON_T" (PERSONID, PERSONNAME, ISPHYSICIAN, ISEMPLOYEE, ISVOLUNTEER, ISPATIENT) VALUES ('106', 'Jeff', 'N', 'N', 'N', 'Y');
INSERT INTO "PERSON_T" (PERSONID, PERSONNAME, ISPHYSICIAN, ISEMPLOYEE, ISVOLUNTEER, ISPATIENT) VALUES ('107', 'Stacy', 'N', 'N', 'N', 'Y');
INSERT INTO "PERSON_T" (PERSONID, PERSONNAME, ISPHYSICIAN, ISEMPLOYEE, ISVOLUNTEER, ISPATIENT) VALUES ('108', 'Jason', 'N', 'N', 'N', 'Y');
INSERT INTO "PERSON_T" (PERSONID, PERSONNAME, ISPHYSICIAN, ISEMPLOYEE, ISVOLUNTEER, ISPATIENT) VALUES ('109', 'Drew', 'N', 'N', 'N', 'Y');
INSERT INTO "PERSON_T" (PERSONID, PERSONNAME, ISPHYSICIAN, ISEMPLOYEE, ISVOLUNTEER, ISPATIENT) VALUES ('110', 'Emma', 'N', 'N', 'N', 'Y');
INSERT INTO "PERSON_T" (PERSONID, PERSONNAME, ISPHYSICIAN, ISEMPLOYEE, ISVOLUNTEER, ISPATIENT) VALUES ('111', 'Asa', 'N', 'N', 'N', 'Y');
INSERT INTO "PERSON_T" (PERSONID, PERSONNAME, ISPHYSICIAN, ISEMPLOYEE, ISVOLUNTEER, ISPATIENT) VALUES ('112', 'Anna', 'N', 'N', 'N', 'Y');
INSERT INTO "PERSON_T" (PERSONID, PERSONNAME, ISPHYSICIAN, ISEMPLOYEE, ISVOLUNTEER, ISPATIENT) VALUES ('113', 'Jennifer', 'N', 'N', 'N', 'Y');
INSERT INTO "PERSON_T" (PERSONID, PERSONNAME, ISPHYSICIAN, ISEMPLOYEE, ISVOLUNTEER, ISPATIENT) VALUES ('114', 'Mark', 'Y', 'Y', 'N', 'N');
INSERT INTO "PERSON_T" (PERSONID, PERSONNAME, ISPHYSICIAN, ISEMPLOYEE, ISVOLUNTEER, ISPATIENT) VALUES ('115', 'Greg', 'Y', 'Y', 'N', 'N');
INSERT INTO "PERSON_T" (PERSONID, PERSONNAME, ISPHYSICIAN, ISEMPLOYEE, ISVOLUNTEER, ISPATIENT) VALUES ('116', 'John', 'Y', 'Y', 'N', 'N');
INSERT INTO "PHYSICIAN_T" (PHYSICIANID, SPECIALTY) VALUES ('114', 'Cancer');
INSERT INTO "PHYSICIAN_T" (PHYSICIANID, SPECIALTY) VALUES ('115', 'Brain');
INSERT INTO "PHYSICIAN_T" (PHYSICIANID, SPECIALTY) VALUES ('116', 'Heart');
INSERT INTO "PATIENT_T" (PATIENTID, ISOUTPATIENT, ISRESIDENT, ADMITPHYS, REFERPHYS) VALUES ('105', 'N', 'N', '114', '114');
INSERT INTO "PATIENT_T" (PATIENTID, ISOUTPATIENT, ISRESIDENT, ADMITPHYS, REFERPHYS) VALUES ('106', 'Y', 'N', '115', '115');
INSERT INTO "PATIENT_T" (PATIENTID, ISOUTPATIENT, ISRESIDENT, ADMITPHYS, REFERPHYS) VALUES ('107', 'N', 'N', '116', '116');
INSERT INTO "PATIENT_T" (PATIENTID, ISOUTPATIENT, ISRESIDENT, ADMITPHYS, REFERPHYS) VALUES ('108', 'N', 'N', '114', '114');
INSERT INTO "PATIENT_T" (PATIENTID, ISOUTPATIENT, ISRESIDENT, ADMITPHYS, REFERPHYS) VALUES ('109', 'Y', 'N', '115', '115');
INSERT INTO "PATIENT_T" (PATIENTID, ISOUTPATIENT, ISRESIDENT, ADMITPHYS, REFERPHYS) VALUES ('110', 'N', 'N', '116', '116');
INSERT INTO "PATIENT_T" (PATIENTID, ISOUTPATIENT, ISRESIDENT, ADMITPHYS, REFERPHYS) VALUES ('111', 'N', 'N', '114', '114');
INSERT INTO "PATIENT_T" (PATIENTID, ISOUTPATIENT, ISRESIDENT, ADMITPHYS, REFERPHYS) VALUES ('112', 'Y', 'N', '115', '115');
INSERT INTO "PATIENT_T" (PATIENTID, ISOUTPATIENT, ISRESIDENT, ADMITPHYS, REFERPHYS) VALUES ('113', 'N', 'N', '116', '116');
INSERT INTO "PHYSICIANDX_T" (PDID, DIAGNOSISCODE, PHYSICIANID, PATIENTID) VALUES ('1', '6', '114', '105');
INSERT INTO "PHYSICIANDX_T" (PDID, DIAGNOSISCODE, PHYSICIANID, PATIENTID) VALUES ('2', '6', '114', '106');
INSERT INTO "PHYSICIANDX_T" (PDID, DIAGNOSISCODE, PHYSICIANID, PATIENTID) VALUES ('3', '15', '115', '107');
INSERT INTO "PHYSICIANDX_T" (PDID, DIAGNOSISCODE, PHYSICIANID, PATIENTID) VALUES ('4', '6', '116', '108');
INSERT INTO "PHYSICIANDX_T" (PDID, DIAGNOSISCODE, PHYSICIANID, PATIENTID) VALUES ('5', '14', '115', '107');
INSERT INTO "PHYSICIANDX_T" (PDID, DIAGNOSISCODE, PHYSICIANID, PATIENTID) VALUES ('6', '18', '115', '107');
INSERT INTO "PHYSICIANDX_T" (PDID, DIAGNOSISCODE, PHYSICIANID, PATIENTID) VALUES ('7', '20', '114', '106');
INSERT INTO "PHYSICIANDX_T" (PDID, DIAGNOSISCODE, PHYSICIANID, PATIENTID) VALUES ('8', '16', '116', '109');
INSERT INTO "PHYSICIANDX_T" (PDID, DIAGNOSISCODE, PHYSICIANID, PATIENTID) VALUES ('9', '16', '116', '110');
INSERT INTO "PHYSICIANDX_T" (PDID, DIAGNOSISCODE, PHYSICIANID, PATIENTID) VALUES ('10', '13', '116', '110');
INSERT INTO "PHYSICIANDX_T" (PDID, DIAGNOSISCODE, PHYSICIANID, PATIENTID) VALUES ('11', '6', '115', '111');
INSERT INTO "PHYSICIANDX_T" (PDID, DIAGNOSISCODE, PHYSICIANID, PATIENTID) VALUES ('12', '15', '116', '112');
INSERT INTO "PHYSICIANDX_T" (PDID, DIAGNOSISCODE, PHYSICIANID, PATIENTID) VALUES ('13', '15', '114', '113');
INSERT INTO "PHYSICIANDX_T" (PDID, DIAGNOSISCODE, PHYSICIANID, PATIENTID) VALUES ('14', '7', '116', '105');
INSERT INTO "PHYSICIANDX_T" (PDID, DIAGNOSISCODE, PHYSICIANID, PATIENTID) VALUES ('15', '7', '115', '106');
INSERT INTO "PHYSICIANDX_T" (PDID, DIAGNOSISCODE, PHYSICIANID, PATIENTID) VALUES ('16', '7', '114', '112');
INSERT INTO "PHYSICIANDX_T" (PDID, DIAGNOSISCODE, PHYSICIANID, PATIENTID) VALUES ('17', '10', '115', '111');
INSERT INTO "PHYSICIANDX_T" (PDID, DIAGNOSISCODE, PHYSICIANID, PATIENTID) VALUES ('18', '10', '115', '113');
INSERT INTO "PHYSICIANDX_T" (PDID, DIAGNOSISCODE, PHYSICIANID, PATIENTID) VALUES ('19', '10', '115', '109');
INSERT INTO "ITEM_T" (ITEMNO, ITEMDESC, UNITCOST) VALUES ('1', '18ga Needle', '1.23');
INSERT INTO "ITEM_T" (ITEMNO, ITEMDESC, UNITCOST) VALUES ('2', 'Bed Pan', '15.00');
INSERT INTO "ITEM_T" (ITEMNO, ITEMDESC, UNITCOST) VALUES ('3', '1lb Cast Plaster', '25.00');
INSERT INTO "ITEM_T" (ITEMNO, ITEMDESC, UNITCOST) VALUES ('4', '1L Saline Solution', '114.00');
INSERT INTO "ITEM_T" (ITEMNO, ITEMDESC, UNITCOST) VALUES ('5', '150cc Injector', '4.59');
INSERT INTO "ITEM_T" (ITEMNO, ITEMDESC, UNITCOST) VALUES ('6', '5FT IV Tube', '89.99');
INSERT INTO "ITEM_T" (ITEMNO, ITEMDESC, UNITCOST) VALUES ('7', '10 PK EKG Pads', '67.54');
INSERT INTO "ITEM_T" (ITEMNO, ITEMDESC, UNITCOST) VALUES ('8', 'Splint', '12.45');
INSERT INTO "ITEM_T" (ITEMNO, ITEMDESC, UNITCOST) VALUES ('9', 'ACE Bandage', '5.99');
INSERT INTO "ITEM_T" (ITEMNO, ITEMDESC, UNITCOST) VALUES ('10', 'Aloe Cream', '8.99');
INSERT INTO "ORDER_T" (ORDERID, PATIENTID, PHYSICIANID, ITEMNO) VALUES ('1', '105', '114', '1');
INSERT INTO "ORDER_T" (ORDERID, PATIENTID, PHYSICIANID, ITEMNO) VALUES ('2', '105', '114', '4');
INSERT INTO "ORDER_T" (ORDERID, PATIENTID, PHYSICIANID, ITEMNO) VALUES ('3', '105', '114', '6');
INSERT INTO "ORDER_T" (ORDERID, PATIENTID, PHYSICIANID, ITEMNO) VALUES ('4', '106', '115', '2');
INSERT INTO "ORDER_T" (ORDERID, PATIENTID, PHYSICIANID, ITEMNO) VALUES ('5', '106', '115', '10');
INSERT INTO "ORDER_T" (ORDERID, PATIENTID, PHYSICIANID, ITEMNO) VALUES ('6', '107', '116', '3');
INSERT INTO "ORDER_T" (ORDERID, PATIENTID, PHYSICIANID, ITEMNO) VALUES ('7', '107', '116', '10');
INSERT INTO "ORDER_T" (ORDERID, PATIENTID, PHYSICIANID, ITEMNO) VALUES ('8', '107', '116', '8');
INSERT INTO "ORDER_T" (ORDERID, PATIENTID, PHYSICIANID, ITEMNO) VALUES ('9', '107', '116', '9');
INSERT INTO "ORDER_T" (ORDERID, PATIENTID, PHYSICIANID, ITEMNO) VALUES ('10', '109', '114', '7');
INSERT INTO "ORDER_T" (ORDERID, PATIENTID, PHYSICIANID, ITEMNO) VALUES ('11', '109', '114', '1');
INSERT INTO "ORDER_T" (ORDERID, PATIENTID, PHYSICIANID, ITEMNO) VALUES ('12', '109', '114', '5');
INSERT INTO "ORDER_T" (ORDERID, PATIENTID, PHYSICIANID, ITEMNO) VALUES ('13', '105', '114', '5');
INSERT INTO "ITEMCONSUMPTION_T" (ICID, CONSUMEQTY, ORDERID, ITEMNO, PATIENTID) VALUES ('1', '1', '1', '1', '105');
INSERT INTO "ITEMCONSUMPTION_T" (ICID, CONSUMEQTY, ORDERID, ITEMNO, PATIENTID) VALUES ('2', '3', '2', '4', '105');
INSERT INTO "ITEMCONSUMPTION_T" (ICID, CONSUMEQTY, ORDERID, ITEMNO, PATIENTID) VALUES ('3', '1', '3', '6', '105');
INSERT INTO "ITEMCONSUMPTION_T" (ICID, CONSUMEQTY, ORDERID, ITEMNO, PATIENTID) VALUES ('4', '1', '4', '2', '106');
INSERT INTO "ITEMCONSUMPTION_T" (ICID, CONSUMEQTY, ORDERID, ITEMNO, PATIENTID) VALUES ('5', '1', '5', '10', '106');
INSERT INTO "ITEMCONSUMPTION_T" (ICID, CONSUMEQTY, ORDERID, ITEMNO, PATIENTID) VALUES ('6', '1', '6', '3', '107');
INSERT INTO "ITEMCONSUMPTION_T" (ICID, CONSUMEQTY, ORDERID, ITEMNO, PATIENTID) VALUES ('7', '1', '7', '10', '107');
INSERT INTO "ITEMCONSUMPTION_T" (ICID, CONSUMEQTY, ORDERID, ITEMNO, PATIENTID) VALUES ('8', '1', '8', '8', '107');
INSERT INTO "ITEMCONSUMPTION_T" (ICID, CONSUMEQTY, ORDERID, ITEMNO, PATIENTID) VALUES ('9', '1', '9', '9', '107');
INSERT INTO "ITEMCONSUMPTION_T" (ICID, CONSUMEQTY, ORDERID, ITEMNO, PATIENTID) VALUES ('10', '1', '10', '7', '109');
INSERT INTO "ITEMCONSUMPTION_T" (ICID, CONSUMEQTY, ORDERID, ITEMNO, PATIENTID) VALUES ('11', '1', '11', '1', '109');
INSERT INTO "ITEMCONSUMPTION_T" (ICID, CONSUMEQTY, ORDERID, ITEMNO, PATIENTID) VALUES ('12', '1', '12', '5', '109');
INSERT INTO "ITEMCONSUMPTION_T" (ICID, CONSUMEQTY, ORDERID, ITEMNO, PATIENTID) VALUES ('13', '1', '13', '5', '105');
INSERT INTO "VENDOR_T" (VENDORID, VENDORNAME) VALUES ('1', 'Bobs Medical Supply');
INSERT INTO "VENDOR_T" (VENDORID, VENDORNAME) VALUES ('2', 'Action Tech Medical');
INSERT INTO "VENDOR_T" (VENDORID, VENDORNAME) VALUES ('3', 'MegaCorp Supply');
INSERT INTO "INVENTORY_T" (INVID, ITEMNO, VENDORID) VALUES ('1', '1', '1');
INSERT INTO "INVENTORY_T" (INVID, ITEMNO, VENDORID) VALUES ('2', '2', '2');
INSERT INTO "INVENTORY_T" (INVID, ITEMNO, VENDORID) VALUES ('3', '3', '3');
INSERT INTO "INVENTORY_T" (INVID, ITEMNO, VENDORID) VALUES ('4', '4', '1');
INSERT INTO "INVENTORY_T" (INVID, ITEMNO, VENDORID) VALUES ('5', '5', '1');
INSERT INTO "INVENTORY_T" (INVID, ITEMNO, VENDORID) VALUES ('6', '6', '2');
INSERT INTO "INVENTORY_T" (INVID, ITEMNO, VENDORID) VALUES ('7', '7', '3');
INSERT INTO "INVENTORY_T" (INVID, ITEMNO, VENDORID) VALUES ('8', '8', '1');
INSERT INTO "INVENTORY_T" (INVID, ITEMNO, VENDORID) VALUES ('9', '9', '2');
INSERT INTO "INVENTORY_T" (INVID, ITEMNO, VENDORID) VALUES ('10', '10', '3');
