INSERT INTO "JSMITH"."PERSON_T" (PERSONID, PERSONNAME, ISPHYSICIAN, ISEMPLOYEE, ISVOLUNTEER, ISPATIENT) VALUES ('103', 'Jessica', 'N', 'Y', 'N', 'N')
INSERT INTO "JSMITH"."PERSON_T" (PERSONID, PERSONNAME, ISPHYSICIAN, ISEMPLOYEE, ISVOLUNTEER, ISPATIENT) VALUES ('104', 'Bob', 'N', 'Y', 'N', 'N')
INSERT INTO "JSMITH"."PERSON_T" (PERSONID, PERSONNAME, ISPHYSICIAN, ISEMPLOYEE, ISVOLUNTEER, ISPATIENT) VALUES ('102', 'Nancy', 'N', 'Y', 'N', 'N')
INSERT INTO "JSMITH"."PERSON_T" (PERSONID, PERSONNAME, ISPHYSICIAN, ISEMPLOYEE, ISVOLUNTEER, ISPATIENT) VALUES ('101', 'Sarah', 'N', 'Y', 'N', 'N')
INSERT INTO "JSMITH"."EMPLOYEE_T" (EMPID, DATEHIRED, EMPTYPE) VALUES ('101', TO_DATE('2014-04-06 03:07:54', 'YYYY-MM-DD HH24:MI:SS'), 'N')
INSERT INTO "JSMITH"."EMPLOYEE_T" (EMPID, DATEHIRED, EMPTYPE) VALUES ('102', TO_DATE('2014-04-06 03:08:16', 'YYYY-MM-DD HH24:MI:SS'), 'N')
INSERT INTO "JSMITH"."EMPLOYEE_T" (EMPID, DATEHIRED, EMPTYPE) VALUES ('103', TO_DATE('2014-04-06 03:08:29', 'YYYY-MM-DD HH24:MI:SS'), 'N')
INSERT INTO "JSMITH"."EMPLOYEE_T" (EMPID, DATEHIRED, EMPTYPE) VALUES ('104', TO_DATE('2014-04-06 03:08:40', 'YYYY-MM-DD HH24:MI:SS'), 'N')
INSERT INTO "JSMITH"."FACILITY_T" (FACILITYID, FACILITYNAME) VALUES ('1', 'Hospital')
INSERT INTO "JSMITH"."WORKUNIT_T" (UNITNAME, FLOOR, FACILITYID, UNITTYPE) VALUES ('ER', '1', '1', 'CC')
INSERT INTO "JSMITH"."WORKUNIT_T" (UNITNAME, FLOOR, FACILITYID, UNITTYPE) VALUES ('ICU', '1', '1', 'CC')
INSERT INTO "JSMITH"."WORKUNIT_T" (UNITNAME, FLOOR, FACILITYID, UNITTYPE) VALUES ('Surgery', '3', '1', 'CC')
INSERT INTO "JSMITH"."NURSE_T" (NURSEID, NURSETYPE) VALUES ('101', 'R')
INSERT INTO "JSMITH"."NURSE_T" (NURSEID, NURSETYPE) VALUES ('102', 'R')
INSERT INTO "JSMITH"."NURSE_T" (NURSEID, NURSETYPE) VALUES ('103', 'R')
INSERT INTO "JSMITH"."NURSE_T" (NURSEID, NURSETYPE) VALUES ('104', 'R')
INSERT INTO "JSMITH"."RN_T" (RNID) VALUES ('101')
INSERT INTO "JSMITH"."RN_T" (RNID) VALUES ('102')
INSERT INTO "JSMITH"."RN_T" (RNID) VALUES ('103')
INSERT INTO "JSMITH"."RN_T" (RNID) VALUES ('104')
INSERT INTO "JSMITH"."CARECENTER_T" (CCUNITNAME, DAYINCHARGE, NIGHTINCHARGE) VALUES ('ER', '101', '102')
INSERT INTO "JSMITH"."CARECENTER_T" (CCUNITNAME, DAYINCHARGE, NIGHTINCHARGE) VALUES ('ICU', '103', '104')
INSERT INTO "JSMITH"."CARECENTER_T" (CCUNITNAME, DAYINCHARGE, NIGHTINCHARGE) VALUES ('Surgery', '104', '101')
INSERT INTO "JSMITH"."CCASSIGNMENT_T" (CCAID, ASSIGNSTART, ASSIGNEND, NURSEID, CCUNITNAME) VALUES ('1', TO_DATE('2014-04-06 03:21:11', 'YYYY-MM-DD HH24:MI:SS'), TO_DATE('2014-04-06 03:21:14', 'YYYY-MM-DD HH24:MI:SS'), '101', 'ER')
INSERT INTO "JSMITH"."CCASSIGNMENT_T" (CCAID, ASSIGNSTART, ASSIGNEND, NURSEID, CCUNITNAME) VALUES ('2', TO_DATE('2014-04-06 03:21:52', 'YYYY-MM-DD HH24:MI:SS'), TO_DATE('2014-04-06 03:21:55', 'YYYY-MM-DD HH24:MI:SS'), '102', 'ICU')
INSERT INTO "JSMITH"."CCASSIGNMENT_T" (CCAID, ASSIGNSTART, ASSIGNEND, NURSEID, CCUNITNAME) VALUES ('3', TO_DATE('2014-04-06 03:22:07', 'YYYY-MM-DD HH24:MI:SS'), TO_DATE('2014-04-06 03:22:10', 'YYYY-MM-DD HH24:MI:SS'), '103', 'Surgery')
INSERT INTO "JSMITH"."DIAGNOSIS_T" (DIAGNOSISCODE, DIAGNOSISNAME) VALUES ('1', 'Hemophilia')
INSERT INTO "JSMITH"."DIAGNOSIS_T" (DIAGNOSISCODE, DIAGNOSISNAME) VALUES ('2', 'Hepatitis')
INSERT INTO "JSMITH"."DIAGNOSIS_T" (DIAGNOSISCODE, DIAGNOSISNAME) VALUES ('3', 'AAA')
INSERT INTO "JSMITH"."DIAGNOSIS_T" (DIAGNOSISCODE, DIAGNOSISNAME) VALUES ('4', 'AATD')
INSERT INTO "JSMITH"."DIAGNOSIS_T" (DIAGNOSISCODE, DIAGNOSISNAME) VALUES ('5', 'Abdominal Adhesions')
INSERT INTO "JSMITH"."DIAGNOSIS_T" (DIAGNOSISCODE, DIAGNOSISNAME) VALUES ('6', 'Back Pain')
INSERT INTO "JSMITH"."DIAGNOSIS_T" (DIAGNOSISCODE, DIAGNOSISNAME) VALUES ('7', 'Bacterial Arhritris')
INSERT INTO "JSMITH"."DIAGNOSIS_T" (DIAGNOSISCODE, DIAGNOSISNAME) VALUES ('8', 'Baker Cyst')
INSERT INTO "JSMITH"."DIAGNOSIS_T" (DIAGNOSISCODE, DIAGNOSISNAME) VALUES ('9', 'Calcium, Elevated')
INSERT INTO "JSMITH"."DIAGNOSIS_T" (DIAGNOSISCODE, DIAGNOSISNAME) VALUES ('10', 'Cardiogenic Pulmonary Edema')
INSERT INTO "JSMITH"."DIAGNOSIS_T" (DIAGNOSISCODE, DIAGNOSISNAME) VALUES ('11', 'Chagas Disease')
INSERT INTO "JSMITH"."DIAGNOSIS_T" (DIAGNOSISCODE, DIAGNOSISNAME) VALUES ('12', 'Gallbladder Cancer')
INSERT INTO "JSMITH"."DIAGNOSIS_T" (DIAGNOSISCODE, DIAGNOSISNAME) VALUES ('13', 'Gilbert Syndrome')
INSERT INTO "JSMITH"."DIAGNOSIS_T" (DIAGNOSISCODE, DIAGNOSISNAME) VALUES ('14', 'Group B Strep')
INSERT INTO "JSMITH"."DIAGNOSIS_T" (DIAGNOSISCODE, DIAGNOSISNAME) VALUES ('15', 'Labor and Delivery')
INSERT INTO "JSMITH"."DIAGNOSIS_T" (DIAGNOSISCODE, DIAGNOSISNAME) VALUES ('16', 'Lactose Intolerance')
INSERT INTO "JSMITH"."DIAGNOSIS_T" (DIAGNOSISCODE, DIAGNOSISNAME) VALUES ('17', 'Leukemia')
INSERT INTO "JSMITH"."DIAGNOSIS_T" (DIAGNOSISCODE, DIAGNOSISNAME) VALUES ('18', 'Migraine')
INSERT INTO "JSMITH"."DIAGNOSIS_T" (DIAGNOSISCODE, DIAGNOSISNAME) VALUES ('19', 'Microscopic Colitis')
INSERT INTO "JSMITH"."DIAGNOSIS_T" (DIAGNOSISCODE, DIAGNOSISNAME) VALUES ('20', 'Muscle Pain')
INSERT INTO "JSMITH"."PERSON_T" (PERSONID, PERSONNAME, ISPHYSICIAN, ISEMPLOYEE, ISVOLUNTEER, ISPATIENT) VALUES ('105', 'Steve', 'N', 'N', 'N', 'Y')
INSERT INTO "JSMITH"."PERSON_T" (PERSONID, PERSONNAME, ISPHYSICIAN, ISEMPLOYEE, ISVOLUNTEER, ISPATIENT) VALUES ('106', 'Jeff', 'N', 'N', 'N', 'Y')
INSERT INTO "JSMITH"."PERSON_T" (PERSONID, PERSONNAME, ISPHYSICIAN, ISEMPLOYEE, ISVOLUNTEER, ISPATIENT) VALUES ('107', 'Stacy', 'N', 'N', 'N', 'Y')
INSERT INTO "JSMITH"."PERSON_T" (PERSONID, PERSONNAME, ISPHYSICIAN, ISEMPLOYEE, ISVOLUNTEER, ISPATIENT) VALUES ('108', 'Jason', 'N', 'N', 'N', 'Y')
INSERT INTO "JSMITH"."PERSON_T" (PERSONID, PERSONNAME, ISPHYSICIAN, ISEMPLOYEE, ISVOLUNTEER, ISPATIENT) VALUES ('109', 'Drew', 'N', 'N', 'N', 'Y')
INSERT INTO "JSMITH"."PERSON_T" (PERSONID, PERSONNAME, ISPHYSICIAN, ISEMPLOYEE, ISVOLUNTEER, ISPATIENT) VALUES ('110', 'Emma', 'N', 'N', 'N', 'Y')
INSERT INTO "JSMITH"."PERSON_T" (PERSONID, PERSONNAME, ISPHYSICIAN, ISEMPLOYEE, ISVOLUNTEER, ISPATIENT) VALUES ('111', 'Asa', 'N', 'N', 'N', 'Y')
INSERT INTO "JSMITH"."PERSON_T" (PERSONID, PERSONNAME, ISPHYSICIAN, ISEMPLOYEE, ISVOLUNTEER, ISPATIENT) VALUES ('112', 'Anna', 'N', 'N', 'N', 'Y')
INSERT INTO "JSMITH"."PERSON_T" (PERSONID, PERSONNAME, ISPHYSICIAN, ISEMPLOYEE, ISVOLUNTEER, ISPATIENT) VALUES ('113', 'Jennifer', 'N', 'N', 'N', 'Y')
INSERT INTO "JSMITH"."PERSON_T" (PERSONID, PERSONNAME, ISPHYSICIAN, ISEMPLOYEE, ISVOLUNTEER, ISPATIENT) VALUES ('114', 'Mark', 'Y', 'Y', 'N', 'N')
INSERT INTO "JSMITH"."PERSON_T" (PERSONID, PERSONNAME, ISPHYSICIAN, ISEMPLOYEE, ISVOLUNTEER, ISPATIENT) VALUES ('115', 'Greg', 'Y', 'Y', 'N', 'N')
INSERT INTO "JSMITH"."PERSON_T" (PERSONID, PERSONNAME, ISPHYSICIAN, ISEMPLOYEE, ISVOLUNTEER, ISPATIENT) VALUES ('116', 'John', 'Y', 'Y', 'N', 'N')
INSERT INTO "JSMITH"."PHYSICIAN_T" (PHYSICIANID, SPECIALTY) VALUES ('114', 'Cancer')
INSERT INTO "JSMITH"."PHYSICIAN_T" (PHYSICIANID, SPECIALTY) VALUES ('115', 'Brain')
INSERT INTO "JSMITH"."PHYSICIAN_T" (PHYSICIANID, SPECIALTY) VALUES ('116', 'Heart')
INSERT INTO "JSMITH"."PATIENT_T" (PATIENTID, ISOUTPATIENT, ISRESIDENT, ADMITPHYS, REFERPHYS) VALUES ('105', 'N', 'N', '114', '114')
INSERT INTO "JSMITH"."PATIENT_T" (PATIENTID, ISOUTPATIENT, ISRESIDENT, ADMITPHYS, REFERPHYS) VALUES ('106', 'Y', 'N', '115', '115')
INSERT INTO "JSMITH"."PATIENT_T" (PATIENTID, ISOUTPATIENT, ISRESIDENT, ADMITPHYS, REFERPHYS) VALUES ('107', 'N', 'N', '116', '116')
INSERT INTO "JSMITH"."PATIENT_T" (PATIENTID, ISOUTPATIENT, ISRESIDENT, ADMITPHYS, REFERPHYS) VALUES ('108', 'N', 'N', '114', '114')
INSERT INTO "JSMITH"."PATIENT_T" (PATIENTID, ISOUTPATIENT, ISRESIDENT, ADMITPHYS, REFERPHYS) VALUES ('109', 'Y', 'N', '115', '115')
INSERT INTO "JSMITH"."PATIENT_T" (PATIENTID, ISOUTPATIENT, ISRESIDENT, ADMITPHYS, REFERPHYS) VALUES ('110', 'N', 'N', '116', '116')
INSERT INTO "JSMITH"."PATIENT_T" (PATIENTID, ISOUTPATIENT, ISRESIDENT, ADMITPHYS, REFERPHYS) VALUES ('111', 'N', 'N', '114', '114')
INSERT INTO "JSMITH"."PATIENT_T" (PATIENTID, ISOUTPATIENT, ISRESIDENT, ADMITPHYS, REFERPHYS) VALUES ('112', 'Y', 'N', '115', '115')
INSERT INTO "JSMITH"."PATIENT_T" (PATIENTID, ISOUTPATIENT, ISRESIDENT, ADMITPHYS, REFERPHYS) VALUES ('113', 'N', 'N', '116', '116')
INSERT INTO "JSMITH"."PHYSICIANDX_T" (PDID, DIAGNOSISCODE, PHYSICIANID, PATIENTID) VALUES ('1', '6', '114', '105')
INSERT INTO "JSMITH"."PHYSICIANDX_T" (PDID, DIAGNOSISCODE, PHYSICIANID, PATIENTID) VALUES ('2', '6', '114', '106')
INSERT INTO "JSMITH"."PHYSICIANDX_T" (PDID, DIAGNOSISCODE, PHYSICIANID, PATIENTID) VALUES ('3', '15', '115', '107')
INSERT INTO "JSMITH"."PHYSICIANDX_T" (PDID, DIAGNOSISCODE, PHYSICIANID, PATIENTID) VALUES ('4', '6', '116', '108')
INSERT INTO "JSMITH"."PHYSICIANDX_T" (PDID, DIAGNOSISCODE, PHYSICIANID, PATIENTID) VALUES ('5', '14', '115', '107')
INSERT INTO "JSMITH"."PHYSICIANDX_T" (PDID, DIAGNOSISCODE, PHYSICIANID, PATIENTID) VALUES ('6', '18', '115', '107')
INSERT INTO "JSMITH"."PHYSICIANDX_T" (PDID, DIAGNOSISCODE, PHYSICIANID, PATIENTID) VALUES ('7', '20', '114', '106')
INSERT INTO "JSMITH"."PHYSICIANDX_T" (PDID, DIAGNOSISCODE, PHYSICIANID, PATIENTID) VALUES ('8', '16', '116', '109')
INSERT INTO "JSMITH"."PHYSICIANDX_T" (PDID, DIAGNOSISCODE, PHYSICIANID, PATIENTID) VALUES ('9', '16', '116', '110')
INSERT INTO "JSMITH"."PHYSICIANDX_T" (PDID, DIAGNOSISCODE, PHYSICIANID, PATIENTID) VALUES ('10', '13', '116', '110')
INSERT INTO "JSMITH"."PHYSICIANDX_T" (PDID, DIAGNOSISCODE, PHYSICIANID, PATIENTID) VALUES ('11', '6', '115', '111')
INSERT INTO "JSMITH"."PHYSICIANDX_T" (PDID, DIAGNOSISCODE, PHYSICIANID, PATIENTID) VALUES ('12', '15', '116', '112')
INSERT INTO "JSMITH"."PHYSICIANDX_T" (PDID, DIAGNOSISCODE, PHYSICIANID, PATIENTID) VALUES ('13', '15', '114', '113')
INSERT INTO "JSMITH"."PHYSICIANDX_T" (PDID, DIAGNOSISCODE, PHYSICIANID, PATIENTID) VALUES ('14', '7', '116', '105')
INSERT INTO "JSMITH"."PHYSICIANDX_T" (PDID, DIAGNOSISCODE, PHYSICIANID, PATIENTID) VALUES ('15', '7', '115', '106')
INSERT INTO "JSMITH"."PHYSICIANDX_T" (PDID, DIAGNOSISCODE, PHYSICIANID, PATIENTID) VALUES ('16', '7', '114', '112')
INSERT INTO "JSMITH"."PHYSICIANDX_T" (PDID, DIAGNOSISCODE, PHYSICIANID, PATIENTID) VALUES ('17', '10', '115', '111')
INSERT INTO "JSMITH"."PHYSICIANDX_T" (PDID, DIAGNOSISCODE, PHYSICIANID, PATIENTID) VALUES ('18', '10', '115', '113')
INSERT INTO "JSMITH"."PHYSICIANDX_T" (PDID, DIAGNOSISCODE, PHYSICIANID, PATIENTID) VALUES ('19', '10', '115', '109')
